Series Name,Series Code,Country Name,Country Code,1990 [YR1990],2000 [YR2000],2010 [YR2010],2011 [YR2011],2012 [YR2012],2013 [YR2013],2014 [YR2014],2015 [YR2015],2016 [YR2016],2017 [YR2017],2018 [YR2018],2019 [YR2019]
Émissions de CO2 (kt),EN.ATM.CO2E.KT,Le monde arabe,ARB,654823.524,1046627.806,1643369.717,1660509.275,1841219.035,1823115.056,1932296.314,1953773.933,1904104.418,..,..,..
Émissions de CO2 (kt),EN.ATM.CO2E.KT,Petits états des Caraïbes,CSS,31459.193,42757.22,65419.28,63937.812,62746.037,65254.265,63710.458,63266.751,61722.944,..,..,..
Émissions de CO2 (kt),EN.ATM.CO2E.KT,Europe centrale et les pays baltes,CEB,998302.377844954,716124.763,713832.888,717019.511,678629.688,660844.738,634262.655,643961.87,656858.709,..,..,..
Émissions de CO2 (kt),EN.ATM.CO2E.KT,de dividende précoce démographique,EAR,2844346.20892249,4237636.538,6173610.853,6417011.645,6767855.537,6644240.967,7002352.853,7309544.777,7422679.061,..,..,..
Émissions de CO2 (kt),EN.ATM.CO2E.KT,Asie de l’Est et Pacifique,EAS,4778302.82856771,6542447.08346678,12549251.4631969,13629697.1391833,13991440.0924722,14166073.9892175,14131065.7783637,14125802.075244,13955922.0176925,..,..,..
Émissions de CO2 (kt),EN.ATM.CO2E.KT,Asie de l’Est et Pacifique (hors revenu élevé),EAP,2946702.5316132,4188676.50658371,10004234.7018944,11048097.0322578,11385465.4810615,11544822.4665854,11555273.6680016,11582531.1347127,11421388.2772275,..,..,..
Émissions de CO2 (kt),EN.ATM.CO2E.KT,Asie de l’Est et Pacifique (BIRD et IDA),TEA,2823031.6901814,4119206.8174772,9953470.112,11011098.918,11347069.458,11517005.572,11523917.867,11557100.55,11393101.309,..,..,..
Émissions de CO2 (kt),EN.ATM.CO2E.KT,Zone euro,EMU,..,2637185.389,2496482.599,2400388.864,2351221.728,2309388.592,2191967.585,2237357.44955281,2228500.89061568,..,..,..
Émissions de CO2 (kt),EN.ATM.CO2E.KT,Europe et Asie centrale,ECS,9750683.10344141,6569031.59606359,6697917.01146453,6686151.95713463,6661329.71146263,6508718.05195837,6280567.76905297,6224889.12131441,6269012.20782758,..,..,..
Émissions de CO2 (kt),EN.ATM.CO2E.KT,Europe et Asie centrale (hors revenu élevé),ECA,6108527.81443212,2609943.15514975,2934784.441,3078948.879,3119439.893,3028791.653,2989433.742,2920996.521,2979371.494,..,..,..
Émissions de CO2 (kt),EN.ATM.CO2E.KT,Europe et Asie centrale (BIRD et IDA),TEC,6544087.86566344,3019489.34263631,3350633.242,3501170.926,3519128.225,3419682.852,3361766.254,3295683.247,3365154.562,..,..,..
Émissions de CO2 (kt),EN.ATM.CO2E.KT,Union européenne,EUU,3556141.25842083,3370336.033,3217253.451,3120936.029,3027805.23,2966298.639,2821760.167,2867173.26688163,2881620.53582915,..,..,..
Émissions de CO2 (kt),EN.ATM.CO2E.KT,Fragile et les situations de conflit touchées,FCS,347823.441716606,490067.214928029,673633.843071756,676313.102226102,696933.035938833,713753.303178211,727977.029383491,700105.765310512,712685.877347693,..,..,..
Émissions de CO2 (kt),EN.ATM.CO2E.KT,Pays pauvres très endettés (PPTE),HPC,59377.9702280073,77509.379,141032.82,153621.631,164310.936,172569.02,188788.161,199382.124,204424.249,..,..,..
Émissions de CO2 (kt),EN.ATM.CO2E.KT,Revenu élevé,HIC,11613737.7068769,13262712.3655499,13385297.8105746,13148467.6747161,13065658.3416087,13071380.8371316,12985385.4663507,12909420.4375356,12669524.3737658,..,..,..
Émissions de CO2 (kt),EN.ATM.CO2E.KT,BIRD seulement,IBD,10949819.3935803,10516805.4771617,18251850.775,19638233.465,20305462.45,20457569.61,20731974.887,20741010.375,20735704.226,..,..,..
Émissions de CO2 (kt),EN.ATM.CO2E.KT,BIRD et IDA,IBT,11349858.9479716,11050716.5942558,18997748.1143991,20428722.0976156,21080478.9777206,21246496.9866507,21559429.8538766,21580969.0506066,21601125.1308034,..,..,..
Émissions de CO2 (kt),EN.ATM.CO2E.KT,IDA mélange,IDB,234993.311040428,340876.689264891,424348.907,456908.2,442386.88,444532.075,463831.496,459596.111,465496.314,..,..,..
Émissions de CO2 (kt),EN.ATM.CO2E.KT,IDA seulement,IDX,139059.88148066,189812.677357574,316052.675015826,327485.325933686,326163.739780693,337979.278549006,357268.970488614,374182.207972468,393950.156737025,..,..,..
Émissions de CO2 (kt),EN.ATM.CO2E.KT,IDA totale,IDA,376175.112100405,533098.835079594,741922.219323214,786115.514645232,770157.851941089,784083.128130459,822720.970282621,835298.758187496,860923.186085275,..,..,..
Émissions de CO2 (kt),EN.ATM.CO2E.KT,de dividende tardif démographique,LTE,8103895.65157565,6958306.89750957,13224873.8355781,14358166.2007131,14801401.8812938,15046640.8884542,15094428.9926569,14877212.3486291,14680565.3508119,..,..,..
Émissions de CO2 (kt),EN.ATM.CO2E.KT,Amérique latine et Caraïbes,LCN,1010932.31435496,1357473.55784561,1731757.15647131,1754657.43969454,1828721.41436417,1865757.19546326,1890997.74031123,1872709.99150542,1836828.16712436,..,..,..
Émissions de CO2 (kt),EN.ATM.CO2E.KT,Amérique latine et Caraïbes (hors revenu élevé),LAC,934809.975,1237073.451,1562391.356,1577180.367,1650282.012,1683343.684,1714043.808,1691612.769,1657513.336,..,..,..
Émissions de CO2 (kt),EN.ATM.CO2E.KT,Amérique latine et Caraïbes (BIRD et IDA),TLA,959338.538,1305257.649,1664829.001,1692635.862,1766397.567,1805124.754,1830401.385,1810478.574,1777196.882,..,..,..
Émissions de CO2 (kt),EN.ATM.CO2E.KT,Pays les moins avancés : classement de l’ONU,LDC,69849.0909737515,111279.093687503,232773.516674241,246463.22477599,252616.321580099,271433.463001687,304868.848922088,308726.492738066,329491.002432142,..,..,..
Émissions de CO2 (kt),EN.ATM.CO2E.KT,Revenu faible et intermédiaire,LMY,10891037.5920354,10640754.4120155,18528063.0413336,19926212.4746085,20601078.4315736,20759874.3998541,21100455.4667057,21111363.0128842,21122439.3270157,..,..,..
Émissions de CO2 (kt),EN.ATM.CO2E.KT,Faible revenu,LIC,206410.139008118,169921.065063528,205307.890015539,190135.623325799,177906.269496847,170766.745821712,178942.288705226,164565.645342573,168202.973650252,..,..,..
Émissions de CO2 (kt),EN.ATM.CO2E.KT,"Revenu intermédiaire, tranche inférieure",LMC,1776734.85814182,2237030.15540175,3316893.175,3499128.407,3714344.637,3736262.296,3982717.699,4101458.826,4229048.424,..,..,..
Émissions de CO2 (kt),EN.ATM.CO2E.KT,Afrique du Nord et Moyen-Orient,MEA,896907.863,1473950.65,2268890.244,2302443.294,2513149.114,2492353.557,2630361.102,2648171.721,2608736.803,..,..,..
Émissions de CO2 (kt),EN.ATM.CO2E.KT,Afrique du Nord et Moyen-Orient (hors revenu élevé),MNA,547127.401,873277.715,1281517.491,1309287.682,1368451.06,1388912.92,1449950.135,1440360.93,1475311.107,..,..,..
Émissions de CO2 (kt),EN.ATM.CO2E.KT,Afrique du Nord et Moyen-Orient (BIRD et IDA),TMN,546265.656,871616.564,1279482.306,1307039.811,1366250.86,1386474.365,1447111.877,1437353.99,1472076.813,..,..,..
Émissions de CO2 (kt),EN.ATM.CO2E.KT,Revenu intermédiaire,MIC,10685884.663939,10469890.9785665,18318574.3428216,19730643.178098,20416983.7842576,20582675.0937905,20915099.1507968,20940045.9899158,20947563.41167,..,..,..
Émissions de CO2 (kt),EN.ATM.CO2E.KT,Amérique du Nord,NAC,5259086.722,6228582.85,5923404.109,5793265.946,5600088.386,5690058.231,5766676.529,5676901.035,5551808.664,..,..,..
Émissions de CO2 (kt),EN.ATM.CO2E.KT,Non classifié,INX,..,..,..,..,..,..,..,..,..,..,..,..
Émissions de CO2 (kt),EN.ATM.CO2E.KT,Pays membres de l'OCDE,OED,11371213.3702531,12879277.737,12710023.685,12512170.7,12322091.755,12366550.463,12201861.826,12115686.6263473,12004051.8897058,..,..,..
Émissions de CO2 (kt),EN.ATM.CO2E.KT,Autres petits états,OSS,71965.6218684017,105560.151672181,174058.207304433,185169.32531387,195941.285109349,191060.35603022,215553.477481679,210093.767537427,208033.012737402,..,..,..
Émissions de CO2 (kt),EN.ATM.CO2E.KT,Petits états insulaires du Pacifique,PSS,1746.93814084507,1877.504,2390.884,2284.541,2240.537,2552.232,2937.267,3465.315,3369.973,..,..,..
Émissions de CO2 (kt),EN.ATM.CO2E.KT,de Post-dividende démographique,PST,11224416.2141554,12260090.119,11902594.289,11636073.062,11439910.564,11458421.58,11273736.792,11131187.4172937,10949758.4701925,..,..,..
Émissions de CO2 (kt),EN.ATM.CO2E.KT,de Pré-dividende démographique,PRE,140853.268616956,219227.214717077,371677.579470473,428061.482852743,436353.014829895,460395.482661643,491022.594332708,475616.453516308,505151.062413133,..,..,..
Émissions de CO2 (kt),EN.ATM.CO2E.KT,Petits états,SST,106581.559857411,150277.486112784,241997.606969923,251503.379925459,261023.884803436,258979.830564644,282285.731867483,276915.946137467,273210.867643369,..,..,..
Émissions de CO2 (kt),EN.ATM.CO2E.KT,Asie du Sud,SAS,709443.489,1180858.341,1977587.431,2106042.441,2286205.818,2307899.79,2525679.253,2645135.445,2736913.121,..,..,..
Émissions de CO2 (kt),EN.ATM.CO2E.KT,Asie du Sud (BIRD et IDA),TSA,709443.489,1180858.341,1977587.431,2106042.441,2286205.818,2307899.79,2525679.253,2645135.445,2736913.121,..,..,..
Émissions de CO2 (kt),EN.ATM.CO2E.KT,Afrique subsaharienne,SSF,438428.227548207,568106.715918964,768840.371818098,807425.483343224,791616.76848885,806537.522307515,867107.577690299,831481.829347936,853107.127983807,..,..,..
Émissions de CO2 (kt),EN.ATM.CO2E.KT,Afrique subsaharienne (hors revenu élevé),SSA,436840.506071829,564864.861194815,764510.329250403,803213.854428168,787259.249052583,802170.17616331,862445.954149086,826809.799395859,848185.57814681,..,..,..
Émissions de CO2 (kt),EN.ATM.CO2E.KT,Afrique subsaharienne (BIRD et IDA),TSS,438428.227548207,568106.715918965,768840.371818098,807425.483343224,791616.76848885,806537.522307516,867107.577690299,831481.829347936,853107.127983808,..,..,..
Émissions de CO2 (kt),EN.ATM.CO2E.KT,"Revenu intermédiaire, tranche supérieure",UMC,8750710.82293141,8231009.7250735,15001684.641788,16231519.3858962,16702642.8111643,16846416.5892105,16932383.0920987,16838587.4511451,16718513.7758232,..,..,..
Émissions de CO2 (kt),EN.ATM.CO2E.KT,Monde,WLD,22149402.399,24689911,33472376,34847501,35470891,35837591,36138285,..,..,..,..,..
Émissions de CO2 (kt),EN.ATM.CO2E.KT,Afghanistan,AFG,2614.571,773.737,8463.436,12240.446,10755.311,9050.156,8467.103,9035.488,8672.455,..,..,..
Émissions de CO2 (kt),EN.ATM.CO2E.KT,Albanie,ALB,5515.168,3021.608,4598.418,5240.143,4924.781,4913.78,5489.499,4616.753,4536.079,..,..,..
Émissions de CO2 (kt),EN.ATM.CO2E.KT,Algérie,DZA,76970.33,87861.32,119177.5,121187.016,129987.816,134465.223,145411.218,153133.92,150005.969,..,..,..
Émissions de CO2 (kt),EN.ATM.CO2E.KT,Samoa américaines,ASM,..,..,..,..,..,..,..,..,..,..,..,..
Émissions de CO2 (kt),EN.ATM.CO2E.KT,Andorre,AND,407.037,524.381,517.047,491.378,487.711,476.71,462.042,465.709,469.376,..,..,..
Émissions de CO2 (kt),EN.ATM.CO2E.KT,Angola,AGO,5115.465,9541.534,29057.308,30586.447,34176.44,33692.396,44851.077,34583.477,34693.487,..,..,..
Émissions de CO2 (kt),EN.ATM.CO2E.KT,Antigua-et-Barbuda,ATG,282.359,344.698,524.381,513.38,524.381,524.381,528.048,546.383,557.384,..,..,..
Émissions de CO2 (kt),EN.ATM.CO2E.KT,Argentine,ARG,112147.861,142136.587,187904.414,191622.752,193027.213,193701.941,195777.463,201167.953,201347.636,..,..,..
Émissions de CO2 (kt),EN.ATM.CO2E.KT,Arménie,ARM,..,3465.315,4209.716,4917.447,5694.851,5496.833,5529.836,4803.77,5155.802,..,..,..
Émissions de CO2 (kt),EN.ATM.CO2E.KT,Aruba,ABW,487.711,2379.883,2508.228,2500.894,1349.456,861.745,872.746,898.415,883.747,..,..,..
Émissions de CO2 (kt),EN.ATM.CO2E.KT,Australie,AUS,263704.971,329443.28,390861.863,391818.95,388126.281,372317.844,361316.844,365332.209,375907.837,..,..,..
Émissions de CO2 (kt),EN.ATM.CO2E.KT,Autriche,AUT,57791.92,62265.66,67564.475,65063.581,62324.332,62529.684,58903.021,61264.569,61447.919,..,..,..
Émissions de CO2 (kt),EN.ATM.CO2E.KT,Azerbaïdjan,AZE,..,29508.349,30678.122,33248.689,35397.551,35496.56,37385.065,37597.751,37619.753,..,..,..
Émissions de CO2 (kt),EN.ATM.CO2E.KT,Bahamas,BHS,1840.834,1950.844,2387.217,1800.497,1906.84,2871.261,2350.547,2016.85,1785.829,..,..,..
Émissions de CO2 (kt),EN.ATM.CO2E.KT,Bahreïn,BHR,12427.463,18819.044,29266.327,28848.289,27553.838,31407.855,31367.518,32892.99,31693.881,..,..,..
Émissions de CO2 (kt),EN.ATM.CO2E.KT,Bangladesh,BGD,14161.954,27627.178,60223.141,63233.748,67670.818,69456.647,73758.038,81073.703,84245.658,..,..,..
Émissions de CO2 (kt),EN.ATM.CO2E.KT,Barbade,BRB,1070.764,1151.438,1477.801,1529.139,1470.467,1448.465,1254.114,1254.114,1276.116,..,..,..
Émissions de CO2 (kt),EN.ATM.CO2E.KT,Bélarus,BLR,..,53787.556,63043.064,64062.49,62969.724,63054.065,62801.042,58279.631,58279.631,..,..,..
Émissions de CO2 (kt),EN.ATM.CO2E.KT,Belgique,BEL,106049.64,115118.131,110259.356,99969.754,95132.981,97501.863,93563.505,99346.364,96889.474,..,..,..
Émissions de CO2 (kt),EN.ATM.CO2E.KT,Belize,BLZ,311.695,396.036,539.049,601.388,476.71,513.38,495.045,579.386,568.385,..,..,..
Émissions de CO2 (kt),EN.ATM.CO2E.KT,Bénin,BEN,707.731,1598.812,5089.796,5060.46,4803.77,5042.125,5375.822,6065.218,6475.922,..,..,..
Émissions de CO2 (kt),EN.ATM.CO2E.KT,Bermudes,BMU,502.379,517.047,608.722,443.707,366.7,509.713,649.059,557.384,612.389,..,..,..
Émissions de CO2 (kt),EN.ATM.CO2E.KT,Bhoutan,BTN,128.345,396.036,487.711,733.4,836.076,920.417,1037.761,1067.097,1261.448,..,..,..
Émissions de CO2 (kt),EN.ATM.CO2E.KT,Bolivie,BOL,5757.19,11067.006,15188.714,16299.815,18819.044,19149.074,20329.848,20073.158,21605.964,..,..,..
Émissions de CO2 (kt),EN.ATM.CO2E.KT,Bosnie-Herzégovine,BIH,..,13787.92,21275.934,23886.838,22258.69,21921.326,19424.099,18569.688,21847.986,..,..,..
Émissions de CO2 (kt),EN.ATM.CO2E.KT,Botswana,BWA,2702.579,3780.677,4569.082,4033.7,5082.462,5669.182,6857.29,5430.827,6340.243,..,..,..
Émissions de CO2 (kt),EN.ATM.CO2E.KT,Brésil,BRA,208886.988,327983.814,419754.156,439412.943,470028.726,503677.118,533530.165,504388.516,462298.69,..,..,..
Émissions de CO2 (kt),EN.ATM.CO2E.KT,Îles Vierges britanniques,VGB,66.006,124.678,198.018,201.685,201.685,201.685,212.686,212.686,212.686,..,..,..
Émissions de CO2 (kt),EN.ATM.CO2E.KT,Brunéi Darussalam,BRN,6193.563,4712.095,8203.079,9695.548,9666.212,7803.376,9053.823,7073.643,7664.03,..,..,..
Émissions de CO2 (kt),EN.ATM.CO2E.KT,Bulgarie,BGR,74480.437,43530.957,44114.01,49354.153,44862.078,39599.933,42328.181,44737.4,41708.458,..,..,..
Émissions de CO2 (kt),EN.ATM.CO2E.KT,Burkina Faso,BFA,583.053,1041.428,2104.858,2200.2,2698.912,2929.933,2959.269,3329.636,3417.644,..,..,..
Émissions de CO2 (kt),EN.ATM.CO2E.KT,Burundi,BDI,209.019,271.358,308.028,425.372,388.702,410.704,385.035,403.37,495.045,..,..,..
Émissions de CO2 (kt),EN.ATM.CO2E.KT,Cabo Verde,CPV,95.342,216.353,557.384,616.056,506.046,498.712,491.378,495.045,542.716,..,..,..
Émissions de CO2 (kt),EN.ATM.CO2E.KT,Cambodge,KHM,1261.448,1976.513,5126.466,5218.141,5456.496,5603.176,6684.941,8628.451,9919.235,..,..,..
Émissions de CO2 (kt),EN.ATM.CO2E.KT,Cameroun,CMR,682.062,3432.312,6780.283,6299.906,6024.881,5020.123,6798.618,7928.054,8291.087,..,..,..
Émissions de CO2 (kt),EN.ATM.CO2E.KT,Canada,CAN,435181.225,534380.909,527263.262,522774.854,517721.728,519188.528,540614.809,549430.277,544894.198,..,..,..
Émissions de CO2 (kt),EN.ATM.CO2E.KT,Îles Caïmans,CYM,249.356,465.709,557.384,586.72,535.382,535.382,546.383,557.384,546.383,..,..,..
Émissions de CO2 (kt),EN.ATM.CO2E.KT,République centrafricaine,CAF,198.018,267.691,264.024,278.692,293.36,286.026,289.693,293.36,297.027,..,..,..
Émissions de CO2 (kt),EN.ATM.CO2E.KT,Tchad,TCD,377.701,487.711,997.424,821.408,920.417,964.421,1001.091,1001.091,1015.759,..,..,..
Émissions de CO2 (kt),EN.ATM.CO2E.KT,Îles Anglo-Normandes,CHI,..,..,..,..,..,..,..,..,..,..,..,..
Émissions de CO2 (kt),EN.ATM.CO2E.KT,Chili,CHL,33314.695,58815.013,72250.901,79243.87,80974.694,83226.232,79100.857,83244.567,85822.468,..,..,..
Émissions de CO2 (kt),EN.ATM.CO2E.KT,Chine,CHN,2442918.73,3405179.867,8776040.416,9733538.12,10028573.939,10258007.128,10291926.878,10145004.856,9893037.952,..,..,..
Émissions de CO2 (kt),EN.ATM.CO2E.KT,Colombie,COL,57337.212,57923.932,77040.003,76926.326,80186.289,92734.763,86680.546,94109.888,97813.558,..,..,..
Émissions de CO2 (kt),EN.ATM.CO2E.KT,Comores,COM,62.339,102.676,161.348,135.679,143.013,176.016,154.014,168.682,201.685,..,..,..
Émissions de CO2 (kt),EN.ATM.CO2E.KT,"Congo, République démocratique du",COD,4294.057,909.416,2020.517,2493.56,2405.552,3589.993,4671.758,2838.258,2020.517,..,..,..
Émissions de CO2 (kt),EN.ATM.CO2E.KT,"Congo, République du",COG,1188.108,1048.762,1972.846,2251.538,2962.936,3237.961,3157.287,3230.627,3281.965,..,..,..
Émissions de CO2 (kt),EN.ATM.CO2E.KT,Costa Rica,CRI,2955.602,5474.831,7568.688,7374.337,7337.667,7719.035,7843.713,7513.683,8023.396,..,..,..
Émissions de CO2 (kt),EN.ATM.CO2E.KT,Côte d'Ivoire,CIV,5034.791,6791.284,6967.3,7245.992,9292.178,10681.971,11089.008,10960.663,9673.546,..,..,..
Émissions de CO2 (kt),EN.ATM.CO2E.KT,Croatie,HRV,..,19339.758,20172.167,19915.477,18045.307,17601.6,16904.87,17311.907,17487.923,..,..,..
Émissions de CO2 (kt),EN.ATM.CO2E.KT,Cuba,CUB,32962.663,26083.371,34114.101,29380.004,29746.704,27953.541,27623.511,29244.325,28283.571,..,..,..
Émissions de CO2 (kt),EN.ATM.CO2E.KT,Curacao,CUW,..,..,..,..,5999.212,5214.474,5881.868,6395.248,5390.49,..,..,..
Émissions de CO2 (kt),EN.ATM.CO2E.KT,Chypre,CYP,4708.428,6978.301,7708.034,7425.675,6919.629,5947.874,6061.551,6138.558,6626.269,..,..,..
Émissions de CO2 (kt),EN.ATM.CO2E.KT,République tchèque,CZE,..,123801.587,112745.582,107993.15,103350.728,102012.273,97160.832,99852.41,102217.625,..,..,..
Émissions de CO2 (kt),EN.ATM.CO2E.KT,Danemark,DNK,50230.566,51330.666,45815.498,40656.029,36427.978,37253.053,33146.013,30817.468,31785.556,..,..,..
Émissions de CO2 (kt),EN.ATM.CO2E.KT,Djibouti,DJI,322.696,366.7,517.047,473.043,480.377,572.052,612.389,627.057,619.723,..,..,..
Émissions de CO2 (kt),EN.ATM.CO2E.KT,Dominique,DMA,58.672,102.676,172.349,154.014,165.015,168.682,176.016,176.016,179.683,..,..,..
Émissions de CO2 (kt),EN.ATM.CO2E.KT,République dominicaine,DOM,9229.839,19790.799,21022.911,21767.312,21965.33,21473.952,22145.013,24136.194,25258.296,..,..,..
Émissions de CO2 (kt),EN.ATM.CO2E.KT,Équateur,ECU,16827.863,20718.55,36460.981,36482.983,32526.29,41451.768,46152.862,43270.6,41154.741,..,..,..
Émissions de CO2 (kt),EN.ATM.CO2E.KT,"Égypte, République arabe d’",EGY,75540.2,141326.18,202715.427,217412.763,220108.008,214402.156,227852.712,224581.748,238560.352,..,..,..
Émissions de CO2 (kt),EN.ATM.CO2E.KT,El Salvador,SLV,2519.229,5753.523,6457.587,6648.271,6662.939,6230.233,6285.238,6849.956,7168.985,..,..,..
Émissions de CO2 (kt),EN.ATM.CO2E.KT,Guinée équatoriale,GNQ,62.339,458.375,6893.96,9398.521,6985.635,7700.7,7308.331,6028.548,5654.514,..,..,..
Émissions de CO2 (kt),EN.ATM.CO2E.KT,Érythrée,ERI,..,608.722,502.379,579.386,645.392,652.726,711.398,693.063,711.398,..,..,..
Émissions de CO2 (kt),EN.ATM.CO2E.KT,Estonie,EST,..,14858.684,17781.283,18096.645,17146.892,19332.424,18173.652,16362.154,16589.508,..,..,..
Émissions de CO2 (kt),EN.ATM.CO2E.KT,Eswatini,SWZ,964.421,1191.775,1059.763,1074.431,1235.779,1525.472,902.082,982.756,1155.105,..,..,..
Émissions de CO2 (kt),EN.ATM.CO2E.KT,Éthiopie,ETH,3017.941,3549.656,6527.26,7135.982,8518.441,10410.613,12434.797,13718.247,14869.685,..,..,..
Émissions de CO2 (kt),EN.ATM.CO2E.KT,Îles Féroé,FRO,704.064,689.396,630.724,568.385,590.387,678.395,597.721,608.722,630.724,..,..,..
Émissions de CO2 (kt),EN.ATM.CO2E.KT,Fidji,FJI,814.074,843.41,1221.111,1089.099,1059.763,1338.455,1646.483,2156.196,2046.186,..,..,..
Émissions de CO2 (kt),EN.ATM.CO2E.KT,Finlande,FIN,51745.037,52196.078,61928.296,56662.484,49013.122,47164.954,47230.96,42606.873,45870.503,..,..,..
Émissions de CO2 (kt),EN.ATM.CO2E.KT,France,FRA,375691.484,362226.26,353033.091,331804.828,333227.624,334096.703,303275.568,..,..,..,..,..
Émissions de CO2 (kt),EN.ATM.CO2E.KT,Polynésie française,PYF,436.373,568.385,803.073,773.737,751.735,759.069,737.067,766.403,770.07,..,..,..
Émissions de CO2 (kt),EN.ATM.CO2E.KT,Gabon,GAB,4499.409,4693.76,4800.103,4950.45,5056.793,5280.48,5324.484,5262.145,5320.817,..,..,..
Émissions de CO2 (kt),EN.ATM.CO2E.KT,Gambie,GMB,198.018,275.025,432.706,447.374,454.708,432.706,513.38,524.381,531.715,..,..,..
Émissions de CO2 (kt),EN.ATM.CO2E.KT,Géorgie,GEO,..,4536.079,6314.574,7990.393,8445.101,8203.079,8980.483,9798.224,10128.254,..,..,..
Émissions de CO2 (kt),EN.ATM.CO2E.KT,Allemagne,DEU,..,829977.779,757880.892,729810.007,738141.431,757961.566,720363.815,727045.089,727972.84,..,..,..
Émissions de CO2 (kt),EN.ATM.CO2E.KT,Ghana,GHA,3854.017,6288.905,9955.905,11525.381,14862.351,14682.668,15265.721,16552.838,16670.182,..,..,..
Émissions de CO2 (kt),EN.ATM.CO2E.KT,Gibraltar,GIB,143.013,333.697,465.709,451.041,462.042,491.378,528.048,579.386,634.391,..,..,..
Émissions de CO2 (kt),EN.ATM.CO2E.KT,Grèce,GRC,74278.752,91616.328,83856.956,79841.591,80050.61,69474.982,67527.805,65059.914,62434.342,..,..,..
Émissions de CO2 (kt),EN.ATM.CO2E.KT,Groenland,GRL,348.365,454.708,663.727,707.731,568.385,553.717,506.046,509.713,509.713,..,..,..
Émissions de CO2 (kt),EN.ATM.CO2E.KT,Grenade,GRD,106.343,190.684,260.357,253.023,271.358,304.361,234.688,260.357,267.691,..,..,..
Émissions de CO2 (kt),EN.ATM.CO2E.KT,Guam,GUM,..,..,..,..,..,..,..,..,..,..,..,..
Émissions de CO2 (kt),EN.ATM.CO2E.KT,Guatemala,GTM,5086.129,9915.568,11400.703,11554.717,11884.747,12918.841,13952.935,15834.106,16776.525,..,..,..
Émissions de CO2 (kt),EN.ATM.CO2E.KT,Guinée,GIN,1004.758,1642.816,2603.57,2779.586,2581.568,2299.209,2383.55,2702.579,2995.939,..,..,..
Émissions de CO2 (kt),EN.ATM.CO2E.KT,Guinée-Bissau,GNB,172.349,146.68,238.355,245.689,253.023,256.69,271.358,278.692,293.36,..,..,..
Émissions de CO2 (kt),EN.ATM.CO2E.KT,Guyane,GUY,1140.437,1609.813,1719.823,1782.162,1994.848,1936.176,2009.516,2016.85,2383.55,..,..,..
Émissions de CO2 (kt),EN.ATM.CO2E.KT,Haïti,HTI,1008.425,1342.122,2126.86,2093.857,2200.2,2306.543,2808.922,2933.6,2977.604,..,..,..
Émissions de CO2 (kt),EN.ATM.CO2E.KT,Honduras,HND,2592.569,5031.124,8104.07,8789.799,9163.833,9416.856,9508.531,10018.244,9812.892,..,..,..
Émissions de CO2 (kt),EN.ATM.CO2E.KT,"Chine, RAS de Hong Kong",HKG,27333.818,40439.676,40267.327,43369.609,42980.907,44546.716,45749.492,42647.21,43644.634,..,..,..
Émissions de CO2 (kt),EN.ATM.CO2E.KT,Hongrie,HUN,69647.331,55826.408,50223.232,48587.75,45206.776,42306.179,41341.758,44418.371,45536.806,..,..,..
Émissions de CO2 (kt),EN.ATM.CO2E.KT,Islande,ISL,1998.515,2163.53,1961.845,1881.171,1873.837,1899.506,1983.847,1987.514,2064.521,..,..,..
Émissions de CO2 (kt),EN.ATM.CO2E.KT,Inde,IND,619154.615,1031853.463,1719690.988,1836561.945,2013788.055,2030971.617,2232729.957,2337749.17,2407671.526,..,..,..
Émissions de CO2 (kt),EN.ATM.CO2E.KT,Indonésie,IDN,149565.929,263418.945,428760.308,509969.69,529632.144,415012.725,369945.295,512749.276,563324.54,..,..,..
Émissions de CO2 (kt),EN.ATM.CO2E.KT,"Iran, République islamique d’",IRN,210463.798,372237.17,573031.089,589055.879,611761.943,619524.982,652392.303,650078.426,661710.15,..,..,..
Émissions de CO2 (kt),EN.ATM.CO2E.KT,Iraq,IRQ,49907.87,72445.252,112195.532,136830.438,154446.706,165612.721,166628.48,167273.872,190060.61,..,..,..
Émissions de CO2 (kt),EN.ATM.CO2E.KT,Irlande,IRL,31217.171,41228.081,40058.308,35635.906,35588.235,34873.17,34004.091,35907.264,37711.428,..,..,..
Émissions de CO2 (kt),EN.ATM.CO2E.KT,Île de Man,IMN,..,..,..,..,..,..,..,..,..,..,..,..
Émissions de CO2 (kt),EN.ATM.CO2E.KT,Israël,ISR,36295.966,60259.811,68880.928,69130.284,75529.199,66039.003,62881.716,66207.685,65166.257,..,..,..
Émissions de CO2 (kt),EN.ATM.CO2E.KT,Italie,ITA,417550.289,450564.29,405361.181,397994.178,369468.585,345317.723,320411.459,..,..,..,..,..
Émissions de CO2 (kt),EN.ATM.CO2E.KT,Jamaïque,JAM,7532.018,10307.937,7161.651,7730.036,7370.67,8001.394,7293.663,7572.355,8225.081,..,..,..
Émissions de CO2 (kt),EN.ATM.CO2E.KT,Japon,JPN,1092395.633,1219281.167,1172611.258,1190469.548,1229622.107,1244616.47,1206674.021,1163803.124,1135886.253,..,..,..
Émissions de CO2 (kt),EN.ATM.CO2E.KT,Jordanie,JOR,10634.3,15507.743,21180.592,21668.303,24444.222,24462.557,26571.082,26200.715,25107.949,..,..,..
Émissions de CO2 (kt),EN.ATM.CO2E.KT,Kazakhstan,KAZ,..,118099.402,248549.26,259058.882,242971.753,262846.893,248395.246,242091.673,247207.138,..,..,..
Émissions de CO2 (kt),EN.ATM.CO2E.KT,Kenya,KEN,5823.196,10417.947,12174.44,13457.89,12541.14,13333.212,14436.979,17018.547,17909.628,..,..,..
Émissions de CO2 (kt),EN.ATM.CO2E.KT,Kiribati,KIR,22.002,33.003,58.672,55.005,51.338,51.338,58.672,62.339,66.006,..,..,..
Émissions de CO2 (kt),EN.ATM.CO2E.KT,"Corée, République démocratique de",PRK,123955.601,69661.999,50776.949,36989.029,38378.822,27803.194,31349.183,25423.311,28283.571,..,..,..
Émissions de CO2 (kt),EN.ATM.CO2E.KT,"Corée, République de",KOR,246943.114,447561.017,566716.515,589400.577,583966.083,592499.192,587156.373,597354.3,620302.386,..,..,..
Émissions de CO2 (kt),EN.ATM.CO2E.KT,Kosovo,XKX,..,..,8426.766,8368.094,7942.722,8074.734,7260.66,8408.431,8943.813,..,..,..
Émissions de CO2 (kt),EN.ATM.CO2E.KT,Koweït,KWT,37909.446,53560.202,89625.147,86658.544,100516.137,94821.286,88371.033,92984.119,98733.975,..,..,..
Émissions de CO2 (kt),EN.ATM.CO2E.KT,République kirghize,KGZ,..,4635.088,6384.247,7656.696,10131.921,9842.228,10289.602,10447.283,9787.223,..,..,..
Émissions de CO2 (kt),EN.ATM.CO2E.KT,République démocratique populaire lao,LAO,513.38,968.088,3142.619,3325.969,3582.659,4184.047,4554.414,9046.489,17762.948,..,..,..
Émissions de CO2 (kt),EN.ATM.CO2E.KT,Lettonie,LVA,..,6351.244,8074.734,7293.663,7062.642,7080.977,6926.963,7007.637,7003.97,..,..,..
Émissions de CO2 (kt),EN.ATM.CO2E.KT,Liban,LBN,8214.08,15247.386,20047.489,20469.194,22632.724,22581.386,24070.188,24469.891,24796.254,..,..,..
Émissions de CO2 (kt),EN.ATM.CO2E.KT,Lesotho,LSO,1474.134,1851.835,2277.207,2328.545,2398.218,2423.887,2431.221,2346.88,2511.895,..,..,..
Émissions de CO2 (kt),EN.ATM.CO2E.KT,Libéria,LBR,473.043,429.039,770.07,861.745,979.089,898.415,1224.778,1239.446,1386.126,..,..,..
Émissions de CO2 (kt),EN.ATM.CO2E.KT,Libye,LBY,36780.01,47113.616,61961.299,39702.609,52683.789,56266.448,59489.741,56996.181,50564.263,..,..,..
Émissions de CO2 (kt),EN.ATM.CO2E.KT,Liechtenstein,LIE,..,..,58.672,51.338,55.005,55.005,47.671,51.338,51.338,..,..,..
Émissions de CO2 (kt),EN.ATM.CO2E.KT,Lituanie,LTU,..,12163.439,13468.891,13787.92,13831.924,12640.149,12838.167,13083.856,12962.845,..,..,..
Émissions de CO2 (kt),EN.ATM.CO2E.KT,Luxembourg,LUX,10003.576,8239.749,10967.997,10894.657,10593.963,10051.247,9662.545,9251.841,8987.817,..,..,..
Émissions de CO2 (kt),EN.ATM.CO2E.KT,"Région administrative spéciale de Macao, Chine",MAC,1034.094,1631.815,1235.779,1510.804,1345.789,1272.449,1576.81,2090.19,2068.188,..,..,..
Émissions de CO2 (kt),EN.ATM.CO2E.KT,Madagascar,MDG,935.085,1873.837,1958.178,2401.885,2768.585,3171.955,3300.3,3644.998,3905.355,..,..,..
Émissions de CO2 (kt),EN.ATM.CO2E.KT,Malawi,MWI,748.068,880.08,1048.762,1169.773,1162.439,1188.108,1052.429,1151.438,1298.118,..,..,..
Émissions de CO2 (kt),EN.ATM.CO2E.KT,Malaisie,MYS,56592.811,125734.096,219506.62,220405.035,218707.214,236510.499,242671.059,234823.679,248288.903,..,..,..
Émissions de CO2 (kt),EN.ATM.CO2E.KT,Maldives,MDV,172.349,451.041,935.085,986.423,1111.101,1092.766,1316.453,1301.785,1444.798,..,..,..
Émissions de CO2 (kt),EN.ATM.CO2E.KT,Mali,MLI,425.372,832.409,1976.513,2159.863,2299.209,2698.912,2981.271,3168.288,3179.289,..,..,..
Émissions de CO2 (kt),EN.ATM.CO2E.KT,Malte,MLT,2247.871,2115.859,2559.566,2548.565,2680.577,2346.88,2346.88,1620.814,1342.122,..,..,..
Émissions de CO2 (kt),EN.ATM.CO2E.KT,Îles Marshall,MHL,47.671,99.009,135.679,139.346,135.679,139.346,143.013,143.013,143.013,..,..,..
Émissions de CO2 (kt),EN.ATM.CO2E.KT,Mauritanie,MRT,905.749,1173.44,2236.87,2394.551,2647.574,2390.884,2933.6,2893.263,2739.249,..,..,..
Émissions de CO2 (kt),EN.ATM.CO2E.KT,Maurice,MUS,1463.133,2691.578,3916.356,3920.023,3967.694,4070.37,4209.716,4213.383,4349.062,..,..,..
Émissions de CO2 (kt),EN.ATM.CO2E.KT,Mexique,MEX,318427.612,398382.88,464308.206,484429.035,496324.783,490340.239,481499.102,482947.567,486405.548,..,..,..
Émissions de CO2 (kt),EN.ATM.CO2E.KT,"Micronésie, États fédérés de",FSM,..,124.678,102.676,117.344,124.678,135.679,135.679,143.013,143.013,..,..,..
Émissions de CO2 (kt),EN.ATM.CO2E.KT,Moldova,MDA,..,3512.986,4932.115,5020.123,4924.781,4998.121,4928.448,4943.116,5115.465,..,..,..
Émissions de CO2 (kt),EN.ATM.CO2E.KT,Monaco,MCO,..,..,..,..,..,..,..,..,..,..,..,..
Émissions de CO2 (kt),EN.ATM.CO2E.KT,Mongolie,MNG,9988.908,7506.349,13820.923,21499.621,35074.855,43626.299,29633.027,23285.45,25368.306,..,..,..
Émissions de CO2 (kt),EN.ATM.CO2E.KT,Monténégro,MNE,..,..,2423.887,2409.219,2214.868,2152.529,2108.525,2240.537,2016.85,..,..,..
Émissions de CO2 (kt),EN.ATM.CO2E.KT,Maroc,MAR,23080.098,33905.082,55958.42,56699.154,59273.388,58987.362,59882.11,61271.903,61275.57,..,..,..
Émissions de CO2 (kt),EN.ATM.CO2E.KT,Mozambique,MOZ,1023.093,1349.456,2735.582,3223.293,3120.617,4202.382,8434.1,6486.923,7942.722,..,..,..
Émissions de CO2 (kt),EN.ATM.CO2E.KT,Myanmar,MMR,4275.722,10087.917,13157.196,15144.71,12024.093,13083.856,16347.486,22299.027,25280.298,..,..,..
Émissions de CO2 (kt),EN.ATM.CO2E.KT,Namibie,NAM,40.337,1642.816,3102.282,2830.924,3384.641,2629.239,3740.34,3989.696,4228.051,..,..,..
Émissions de CO2 (kt),EN.ATM.CO2E.KT,Nauru,NRU,124.678,84.341,44.004,40.337,40.337,44.004,47.671,47.671,47.671,..,..,..
Émissions de CO2 (kt),EN.ATM.CO2E.KT,Népal,NPL,777.404,3069.279,5056.793,5533.503,5856.199,6637.27,8030.73,6252.235,9105.161,..,..,..
Émissions de CO2 (kt),EN.ATM.CO2E.KT,Pays-Bas,NLD,163335.514,173837.802,185355.849,175704.305,171765.947,173625.116,168883.685,172492.013,170779.524,..,..,..
Émissions de CO2 (kt),EN.ATM.CO2E.KT,Nouvelle-Calédonie,NCL,1584.144,2233.203,3578.992,3560.657,3655.999,3861.351,4888.111,4752.432,5328.151,..,..,..
Émissions de CO2 (kt),EN.ATM.CO2E.KT,Nouvelle-Zélande,NZL,23545.807,32980.998,31752.553,31484.862,34139.77,33443.04,34656.817,34887.838,34381.792,..,..,..
Émissions de CO2 (kt),EN.ATM.CO2E.KT,Nicaragua,NIC,2548.565,3762.342,4536.079,4884.444,4616.753,4426.069,4679.092,5331.818,5592.175,..,..,..
Émissions de CO2 (kt),EN.ATM.CO2E.KT,Niger,NER,605.055,696.73,1173.44,1331.121,1763.827,1895.839,2053.52,2027.851,2016.85,..,..,..
Émissions de CO2 (kt),EN.ATM.CO2E.KT,Nigéria,NGA,39196.563,79122.859,114150.043,131685.637,119008.818,124329.635,130130.829,115928.538,120369.275,..,..,..
Émissions de CO2 (kt),EN.ATM.CO2E.KT,Macédoine du Nord,MKD,..,12064.43,8602.782,9306.846,8815.468,7858.381,7539.352,7099.312,7051.641,..,..,..
Émissions de CO2 (kt),EN.ATM.CO2E.KT,Mariannes,MNP,..,..,..,..,..,..,..,..,..,..,..,..
Émissions de CO2 (kt),EN.ATM.CO2E.KT,Norvège,NOR,31510.531,39673.273,49423.826,42394.187,44499.045,48232.051,47924.023,47212.625,41022.729,..,..,..
Émissions de CO2 (kt),EN.ATM.CO2E.KT,Oman,OMN,11312.695,21690.305,47417.977,54029.578,59658.423,62041.973,61220.565,65386.277,63457.435,..,..,..
Émissions de CO2 (kt),EN.ATM.CO2E.KT,Pakistan,PAK,68565.566,106449.343,169466.738,171615.6,170126.798,174857.228,182414.915,188542.472,201149.618,..,..,..
Émissions de CO2 (kt),EN.ATM.CO2E.KT,Palaos,PLW,234.688,209.019,209.019,216.353,216.353,220.02,223.687,223.687,223.687,..,..,..
Émissions de CO2 (kt),EN.ATM.CO2E.KT,Panama,PAN,2768.585,5790.193,9237.173,10150.256,10029.245,11635.391,11107.343,11129.345,10714.974,..,..,..
Émissions de CO2 (kt),EN.ATM.CO2E.KT,Papouasie-Nouvelle-Guinée,PNG,2156.196,2665.909,4763.433,5328.151,5078.795,5258.478,5874.534,7480.68,7535.685,..,..,..
Émissions de CO2 (kt),EN.ATM.CO2E.KT,Paraguay,PRY,2156.196,3689.002,5097.13,5320.817,5284.147,5434.494,5702.185,6303.573,7407.34,..,..,..
Émissions de CO2 (kt),EN.ATM.CO2E.KT,Pérou,PER,21070.582,30296.754,58066.945,49900.536,55261.69,46816.589,51330.666,52636.118,57414.219,..,..,..
Émissions de CO2 (kt),EN.ATM.CO2E.KT,Philippines,PHL,41763.463,73306.997,84887.383,85705.124,90684.91,98275.6,104516.834,117120.313,122287.116,..,..,..
Émissions de CO2 (kt),EN.ATM.CO2E.KT,Pologne,POL,368423.49,299289.539,316264.082,317037.819,299920.263,302344.15,285937.992,285659.3,299036.516,..,..,..
Émissions de CO2 (kt),EN.ATM.CO2E.KT,Portugal,PRT,42320.847,62731.369,48136.709,47623.329,46013.516,45426.796,44656.726,49258.811,48741.764,..,..,..
Émissions de CO2 (kt),EN.ATM.CO2E.KT,Porto Rico,PRI,..,..,..,..,..,..,..,..,..,..,..,..
Émissions de CO2 (kt),EN.ATM.CO2E.KT,Qatar,QAT,11774.737,34730.157,72507.591,80435.645,94124.556,85023.062,107032.396,106841.712,103259.053,..,..,..
Émissions de CO2 (kt),EN.ATM.CO2E.KT,Roumanie,ROU,174087.158,90681.243,79412.552,85268.751,81722.762,70945.449,69489.65,71715.519,69258.629,..,..,..
Émissions de CO2 (kt),EN.ATM.CO2E.KT,Fédération de Russie,RUS,3610209.171,1557899.281,1670531.186,1763405.295,1807244.28,1739426.782,1736984.56,1698213.369,1732026.776,..,..,..
Émissions de CO2 (kt),EN.ATM.CO2E.KT,Rwanda,RWA,528.048,528.048,590.387,663.727,740.734,817.741,847.077,960.754,1114.768,..,..,..
Émissions de CO2 (kt),EN.ATM.CO2E.KT,Samoa,WSM,102.676,143.013,187.017,201.685,198.018,198.018,209.019,234.688,245.689,..,..,..
Émissions de CO2 (kt),EN.ATM.CO2E.KT,Saint-Marin,SMR,..,..,..,..,..,..,..,..,..,..,..,..
Émissions de CO2 (kt),EN.ATM.CO2E.KT,Sao Tomé-et-Principe,STP,47.671,47.671,99.009,102.676,113.677,113.677,113.677,113.677,121.011,..,..,..
Émissions de CO2 (kt),EN.ATM.CO2E.KT,Arabie saoudite,SAU,185803.223,296935.325,518491.798,499878.106,564842.678,541047.515,601046.969,647111.823,563449.218,..,..,..
Émissions de CO2 (kt),EN.ATM.CO2E.KT,Sénégal,SEN,3182.956,3938.358,7744.704,8368.094,7913.386,8434.1,9376.519,10637.967,10901.991,..,..,..
Émissions de CO2 (kt),EN.ATM.CO2E.KT,Serbie,SRB,..,..,45745.825,49009.455,43794.981,44605.388,37352.062,43919.659,45221.444,..,..,..
Émissions de CO2 (kt),EN.ATM.CO2E.KT,Seychelles,SYC,150.347,572.052,443.707,326.363,421.705,330.03,487.711,491.378,605.055,..,..,..
Émissions de CO2 (kt),EN.ATM.CO2E.KT,Sierra Leone,SLE,487.711,425.372,726.066,898.415,1030.427,1191.775,1309.119,1067.097,1092.766,..,..,..
Émissions de CO2 (kt),EN.ATM.CO2E.KT,Singapour,SGP,44495.378,49005.788,58319.968,46761.584,49992.211,56112.434,56644.149,61451.586,37535.412,..,..,..
Émissions de CO2 (kt),EN.ATM.CO2E.KT,Sint Maarten (Dutch part),SXM,..,..,..,..,696.73,715.065,733.4,..,..,..,..,..
Émissions de CO2 (kt),EN.ATM.CO2E.KT,République slovaque,SVK,..,35885.262,36240.961,34524.805,32804.982,33091.008,30678.122,31283.177,32423.614,..,..,..
Émissions de CO2 (kt),EN.ATM.CO2E.KT,Slovénie,SVN,..,14396.642,15335.394,15159.378,14675.334,13890.596,12482.468,12530.139,12632.815,..,..,..
Émissions de CO2 (kt),EN.ATM.CO2E.KT,Îles Salomon,SLB,146.68,154.014,187.017,183.35,183.35,194.351,194.351,190.684,168.682,..,..,..
Émissions de CO2 (kt),EN.ATM.CO2E.KT,Somalie,SOM,733.4,480.377,612.389,612.389,608.722,630.724,630.724,630.724,645.392,..,..,..
Émissions de CO2 (kt),EN.ATM.CO2E.KT,Afrique du Sud,ZAF,313304.813,378665.421,469816.04,477370.06,464674.906,459222.077,484495.041,463952.507,476643.994,..,..,..
Émissions de CO2 (kt),EN.ATM.CO2E.KT,Soudan du Sud,SSD,..,..,..,..,1331.121,1448.465,1536.473,1943.51,1727.157,..,..,..
Émissions de CO2 (kt),EN.ATM.CO2E.KT,Espagne,ESP,218597.204,294434.431,270910.626,270547.593,264779.402,237034.88,233976.602,250496.437,244002.18,..,..,..
Émissions de CO2 (kt),EN.ATM.CO2E.KT,Sri Lanka,LKA,3868.685,10238.264,13263.539,15137.376,16061.46,14913.689,17924.296,20113.495,23362.457,..,..,..
Émissions de CO2 (kt),EN.ATM.CO2E.KT,Saint-Kitts-et-Nevis,KNA,106.343,172.349,220.02,231.021,220.02,223.687,231.021,234.688,238.355,..,..,..
Émissions de CO2 (kt),EN.ATM.CO2E.KT,Sainte-Lucie,LCA,161.348,348.365,403.37,407.037,407.037,407.037,407.037,410.704,414.371,..,..,..
Émissions de CO2 (kt),EN.ATM.CO2E.KT,Saint-Martin (fr),MAF,..,..,..,..,..,..,..,..,..,..,..,..
Émissions de CO2 (kt),EN.ATM.CO2E.KT,Saint-Vincent-et-les Grenadines,VCT,80.674,146.68,220.02,198.018,253.023,209.019,220.02,220.02,220.02,..,..,..
Émissions de CO2 (kt),EN.ATM.CO2E.KT,Soudan,SDN,5221.808,5533.503,15940.449,15658.09,14642.331,15474.74,15837.773,19816.468,19999.818,..,..,..
Émissions de CO2 (kt),EN.ATM.CO2E.KT,Suriname,SUR,1741.825,2196.533,2401.885,1804.164,2266.206,2108.525,2244.204,1723.49,1738.158,..,..,..
Émissions de CO2 (kt),EN.ATM.CO2E.KT,Suède,SWE,51946.722,49350.486,52023.729,51734.036,47047.61,44847.41,43483.286,38180.804,43252.265,..,..,..
Émissions de CO2 (kt),EN.ATM.CO2E.KT,Suisse,CHE,42610.54,39101.221,39141.558,37183.38,37854.441,40432.342,35679.91,35672.576,34477.134,..,..,..
Émissions de CO2 (kt),EN.ATM.CO2E.KT,République arabe syrienne,SYR,37359.396,51040.973,61605.6,56908.173,44730.066,36438.979,30703.791,29295.663,28829.954,..,..,..
Émissions de CO2 (kt),EN.ATM.CO2E.KT,Tadjikistan,TJK,..,2236.87,2537.564,2346.88,2929.933,2911.598,4620.42,5005.455,5309.816,..,..,..
Émissions de CO2 (kt),EN.ATM.CO2E.KT,Tanzanie,TZA,2159.863,2651.241,7106.646,8093.069,9545.201,11177.016,11562.051,12933.509,11972.755,..,..,..
Émissions de CO2 (kt),EN.ATM.CO2E.KT,Thaïlande,THA,90721.58,172697.365,258901.201,256264.628,273088.824,287217.775,280976.541,284364.849,283763.461,..,..,..
Émissions de CO2 (kt),EN.ATM.CO2E.KT,Timor-Leste,TLS,..,..,234.688,245.689,293.36,443.707,513.38,502.379,495.045,..,..,..
Émissions de CO2 (kt),EN.ATM.CO2E.KT,Togo,TGO,773.737,1360.457,2636.573,2478.892,2409.219,2559.566,2588.902,2636.573,2999.606,..,..,..
Émissions de CO2 (kt),EN.ATM.CO2E.KT,Tonga,TON,77.007,95.342,117.344,102.676,106.343,113.677,113.677,121.011,128.345,..,..,..
Émissions de CO2 (kt),EN.ATM.CO2E.KT,Trinité-et-Tobago,TTO,17025.881,23839.167,47931.357,46933.933,45419.462,46537.897,46266.539,46255.538,43868.321,..,..,..
Émissions de CO2 (kt),EN.ATM.CO2E.KT,Tunisie,TUN,13226.869,19922.811,27660.181,26021.032,27003.788,27667.515,28829.954,30252.75,29937.388,..,..,..
Émissions de CO2 (kt),EN.ATM.CO2E.KT,Turquie,TUR,145994.271,216151.315,296315.602,321122.857,327437.431,325424.248,345908.11,350337.846,372724.881,..,..,..
Émissions de CO2 (kt),EN.ATM.CO2E.KT,Turkménistan,TKM,..,37539.079,57289.541,62467.345,64872.897,66735.733,68426.22,70674.091,70630.087,..,..,..
Émissions de CO2 (kt),EN.ATM.CO2E.KT,Îles Turques-et-Caïques,TCA,29.336,69.673,183.35,183.35,183.35,187.017,198.018,205.352,216.353,..,..,..
Émissions de CO2 (kt),EN.ATM.CO2E.KT,Tuvalu,TUV,7.334,7.334,7.334,7.334,11.001,11.001,11.001,11.001,11.001,..,..,..
Émissions de CO2 (kt),EN.ATM.CO2E.KT,Ouganda,UGA,766.403,1437.464,3920.023,4264.721,4088.705,4407.734,4774.434,5342.819,5680.183,..,..,..
Émissions de CO2 (kt),EN.ATM.CO2E.KT,Ukraine,UKR,..,320902.837,304643.359,286392.7,295791.221,271875.047,228468.768,196283.509,202249.718,..,..,..
Émissions de CO2 (kt),EN.ATM.CO2E.KT,Émirats arabes unis,ARE,52009.061,112562.232,158623.419,171626.601,219792.646,220713.063,226143.89,194765.371,206323.755,..,..,..
Émissions de CO2 (kt),EN.ATM.CO2E.KT,Royaume-Uni,GBR,555924.534,541784.582,492676.118,447440.006,468261.232,455940.112,419743.155,405038.485,379024.787,..,..,..
Émissions de CO2 (kt),EN.ATM.CO2E.KT,États-Unis,USA,4823403.118,5693684.894,5395532.125,5270047.385,5081999.958,5170359.99,5225412.661,5126913.374,5006302.077,..,..,..
Émissions de CO2 (kt),EN.ATM.CO2E.KT,Uruguay,URY,3993.363,5306.149,6387.914,7763.039,8694.457,7587.023,6747.28,6699.609,6765.615,..,..,..
Émissions de CO2 (kt),EN.ATM.CO2E.KT,Ouzbékistan,UZB,..,121817.74,104168.469,113684.334,115814.861,103354.395,105213.564,102929.023,91810.679,..,..,..
Émissions de CO2 (kt),EN.ATM.CO2E.KT,Vanuatu,VUT,66.006,84.341,121.011,132.012,113.677,106.343,154.014,132.012,146.68,..,..,..
Émissions de CO2 (kt),EN.ATM.CO2E.KT,Venezuela,VEN,122162.438,152422.522,190361.304,171362.577,192040.79,183944.054,185113.827,171894.292,164175.257,..,..,..
Émissions de CO2 (kt),EN.ATM.CO2E.KT,Viet Nam,VNM,21444.616,53644.543,142737.975,152169.499,142631.632,147230.05,167336.211,188329.786,192667.847,..,..,..
Émissions de CO2 (kt),EN.ATM.CO2E.KT,Îles Vierges (EU),VIR,..,..,..,..,..,..,..,..,..,..,..,..
Émissions de CO2 (kt),EN.ATM.CO2E.KT,Cisjordanie et Gaza,PSE,861.745,1661.151,2035.185,2247.871,2200.2,2438.555,2838.258,3006.94,3234.294,..,..,..
Émissions de CO2 (kt),EN.ATM.CO2E.KT,"Yémen, Rép. du",YEM,3766.009,14642.331,23432.13,20612.207,18698.033,25492.984,24667.909,13171.864,10608.631,..,..,..
Émissions de CO2 (kt),EN.ATM.CO2E.KT,Zambie,ZMB,2445.889,1822.499,2691.578,2922.599,3678.001,3956.693,4503.076,4532.412,5141.134,..,..,..
Émissions de CO2 (kt),EN.ATM.CO2E.KT,Zimbabwe,ZWE,15643.422,13923.599,7803.376,9622.208,7873.049,11771.07,12115.768,12317.453,10982.665,..,..,..
,,,,,,,,,,,,,,,
,,,,,,,,,,,,,,,
,,,,,,,,,,,,,,,
Data from Database: Indicateurs du développement dans le monde,,,,,,,,,,,,,,,
Last Updated: 07/01/2020,,,,,,,,,,,,,,,
